<list>
  <com.tbf.Person>
    <personCode>123d</personCode>
    <broker>
      <type>E</type>
      <brokerCode>sec082</brokerCode>
    </broker>
    <name>
      <lastName>McGee</lastName>
      <firstName>Jake</firstName>
    </name>
    <address>
      <street>687 N 697th Street</street>
      <city>New York</city>
      <state> NY</state>
      <zip> 10006</zip>
      <country> USA</country>
    </address>
    <emailAddresses>
      <string>jmcgee263@gmail.com</string>
      <string>happyj@who.com</string>
    </emailAddresses>
  </com.tbf.Person>
  <com.tbf.Person>
    <personCode>nj78</personCode>
    <name>
      <lastName>Johnson</lastName>
      <firstName>Allison</firstName>
    </name>
    <address>
      <street>8930 S 167th Street</street>
      <city> Omaha</city>
      <state> NE</state>
      <zip> 68138</zip>
      <country> USA</country>
    </address>
    <emailAddresses>
      <string>ajohnson97@gmail.com</string>
    </emailAddresses>
  </com.tbf.Person>
  <com.tbf.Person>
    <personCode>is973</personCode>
    <broker>
      <type>J</type>
      <brokerCode>sec928</brokerCode>
    </broker>
    <name>
      <lastName>Kane</lastName>
      <firstName>Elly</firstName>
    </name>
    <address>
      <street>3124  Doctors Drive</street>
      <city> Los Angeles</city>
      <state> CA</state>
      <zip> 90017</zip>
      <country> USA</country>
    </address>
    <emailAddresses/>
  </com.tbf.Person>
  <com.tbf.Person>
    <personCode>898gj</personCode>
    <name>
      <lastName>Baker</lastName>
      <firstName>Peter</firstName>
    </name>
    <address>
      <street>6596 Santana St</street>
      <city> San Gabriel</city>
      <state> CA</state>
      <zip> 90035</zip>
      <country> USA</country>
    </address>
    <emailAddresses>
      <string>chaikin@yahoo.com</string>
    </emailAddresses>
  </com.tbf.Person>
  <com.tbf.Person>
    <personCode>732y9</personCode>
    <broker>
      <type>E</type>
      <brokerCode>sec027</brokerCode>
    </broker>
    <name>
      <lastName>Gregory</lastName>
      <firstName>Zach</firstName>
    </name>
    <address>
      <street>908 N 22nd St APT693</street>
      <city> Chicago</city>
      <state>IL</state>
      <zip>60289</zip>
      <country>USA</country>
    </address>
    <emailAddresses/>
  </com.tbf.Person>
  <com.tbf.Person>
    <personCode>9379</personCode>
    <broker>
      <type>E</type>
      <brokerCode>sec038</brokerCode>
    </broker>
    <name>
      <lastName>Donald</lastName>
      <firstName>Trump</firstName>
    </name>
    <address>
      <street>1600 Pennsylvania Ave NW</street>
      <city> Washington</city>
      <state> DC</state>
      <zip> 20500</zip>
      <country> USA</country>
    </address>
    <emailAddresses>
      <string>dtrump001@gmail.com</string>
    </emailAddresses>
  </com.tbf.Person>
  <com.tbf.Person>
    <personCode>7379g</personCode>
    <name>
      <lastName>Zhang</lastName>
      <firstName>Kexin</firstName>
    </name>
    <address>
      <street>13 Jinyu Hutong Dongcheng</street>
      <city> Beijing</city>
      <state> BJ</state>
      <zip> 100012</zip>
      <country> China</country>
    </address>
    <emailAddresses>
      <string>639837278@qq.com</string>
    </emailAddresses>
  </com.tbf.Person>
</list>
